-- BingoCV 测试数据脚本
-- 用于开发和测试环境的示例数据
-- 使用前请确保已执行 bingocv_schema.sql 初始化表结构

USE `bingoCV`;

-- ============================================
-- 1. 插入测试用户（密码统一为: 123456，BCrypt加密）
-- ============================================
INSERT INTO `bingo_user` (`userid`, `username`, `password`, `nickname`, `avatar`, `role`, `status`) VALUES
(100001, 'zhangsan', '$2a$10$N.zmdr9k7uOCQb376NoUnuTJ8iAt6Z5EHsM8lE9lBOsl7iKTVKIUi', '张三', NULL, 'USER', 0),
(100002, 'lisi', '$2a$10$N.zmdr9k7uOCQb376NoUnuTJ8iAt6Z5EHsM8lE9lBOsl7iKTVKIUi', '李四', NULL, 'USER', 0),
(100003, 'wangwu', '$2a$10$N.zmdr9k7uOCQb376NoUnuTJ8iAt6Z5EHsM8lE9lBOsl7iKTVKIUi', '王五', NULL, 'USER', 0),
(100004, 'admin', '$2a$10$N.zmdr9k7uOCQb376NoUnuTJ8iAt6Z5EHsM8lE9lBOsl7iKTVKIUi', '管理员', NULL, 'ADMIN', 0);

-- ============================================
-- 2. 插入用户个人信息
-- ============================================
INSERT INTO `bingo_profiles` (`id`, `userid`, `name`, `age`, `city`, `address`, `email`, `phone`, `weixin`, `qq`, `sex`, `description`) VALUES
(200001, 100001, '张三', 28, '北京', '北京市海淀区中关村大街1号', 'zhangsan@example.com', '13800138001', 'zhangsan_wx', '123456789', '男', 
'资深Java开发工程师，5年后端开发经验，擅长Spring Boot微服务架构设计。热爱技术，追求代码质量，具备良好的团队协作能力。'),

(200002, 100002, '李四', 25, '上海', '上海市浦东新区张江高科园区', 'lisi@example.com', '13800138002', 'lisi_wx', '987654321', '女',
'产品经理，3年互联网产品经验，专注于B端产品设计。善于用户需求分析和产品规划，具备优秀的沟通协调能力。'),

(200003, 100003, '王五', 30, '深圳', '深圳市南山区科技园', 'wangwu@example.com', '13800138003', 'wangwu_wx', '456789123', '男',
'全栈开发工程师，精通Vue3和Spring Boot，有完整的电商项目开发经验。对新技术保持敏感，喜欢探索前沿技术。');

-- ============================================
-- 3. 插入教育经历
-- ============================================
INSERT INTO `bingo_edu` (`id`, `userid`, `start`, `end`, `school`, `study`, `description`, `priority`) VALUES
(300001, 100001, '2014-09', '2018-06', '北京大学', '计算机科学与技术', '主修课程：数据结构、算法设计、操作系统、数据库原理', 1),
(300002, 100001, '2018-09', '2021-06', '清华大学', '软件工程', '硕士学位，研究方向：分布式系统', 2),

(300003, 100002, '2015-09', '2019-06', '复旦大学', '信息管理', '辅修心理学，擅长用户行为分析', 1),

(300004, 100003, '2012-09', '2016-06', '浙江大学', '计算机科学', 'ACM竞赛获奖者', 1),
(300005, 100003, '2016-09', '2019-06', '斯坦福大学', 'Computer Science', '交换生，在线课程认证', 2);

-- ============================================
-- 4. 插入工作经历
-- ============================================
INSERT INTO `bingo_work` (`id`, `userid`, `start`, `end`, `company`, `job`, `description`, `priority`) VALUES
(400001, 100001, '2021-07', '至今', '阿里巴巴集团', '高级Java工程师', 
'• 负责淘宝核心交易系统的微服务改造\n• 设计并实现高并发订单处理模块，QPS提升300%\n• 主导技术重构，将单体应用拆分为微服务架构\n• 团队技术指导，Code Review，提升代码质量', 1),
(400002, 100001, '2019-07', '2021-06', '字节跳动', 'Java开发工程师',
'• 参与抖音后端服务开发\n• 优化视频推荐算法接口响应时间\n• 实现分布式缓存方案，降低数据库压力', 2),

(400003, 100002, '2019-07', '至今', '腾讯科技', '产品经理',
'• 负责企业微信CRM模块产品规划\n• 完成从0到1的产品设计，用户量突破100万\n• 协调研发、设计、运营团队推进项目落地\n• 通过数据分析持续优化产品功能', 1),

(400004, 100003, '2019-07', '至今', '华为技术', '全栈开发工程师',
'• 开发华为云管理平台前端界面（Vue3 + TypeScript）\n• 设计RESTful API接口，实现前后端分离\n• 优化页面加载性能，首屏时间减少50%\n• 搭建CI/CD自动化部署流程', 1),
(400005, 100003, '2016-07', '2019-06', '小米科技', '前端开发工程师',
'• 参与小米商城移动端H5开发\n• 实现商品详情页动态渲染引擎\n• 开发通用组件库，提升团队开发效率', 2);

-- ============================================
-- 5. 插入技能特长
-- ============================================
INSERT INTO `bingo_skill` (`id`, `userid`, `keywords`) VALUES
(500001, 100001, 'Java Spring Boot Spring Cloud MySQL Redis Docker Kubernetes Microservices'),
(500002, 100002, 'Product Management User Research Data Analysis Axure XMind SQL'),
(500003, 100003, 'Vue3 React TypeScript Node.js Spring Boot MongoDB AWS DevOps');

INSERT INTO `bingo_specialty` (`id`, `userid`, `name`, `description`, `priority`) VALUES
(600001, 100001, '开源贡献', 'GitHub活跃贡献者，多个开源项目Maintainer', 1),
(600002, 100001, '技术博客', '维护个人技术博客，累计发表100+篇技术文章', 2),
(600003, 100001, '摄影', '业余摄影师，擅长城市风光摄影', 3),

(600004, 100002, '用户体验设计', '具备UI/UX设计能力，能独立完成原型设计', 1),
(600005, 100002, '演讲分享', '多次在行业大会进行产品经验分享', 2),

(600006, 100003, '全栈开发', '能够独立完成从前端到后端的完整项目开发', 1),
(600007, 100003, '英语流利', '托福110分，可流畅阅读英文技术文档', 2),
(600008, 100003, '马拉松', '完成3次全程马拉松比赛', 3);

-- ============================================
-- 6. 为用户分配模板
-- ============================================
INSERT INTO `bingo_user_template` (`id`, `userid`, `template_id`, `source`, `active`) VALUES
(700001, 100001, 900001, 'FREE', 1),  -- 张三使用工程师清晰版
(700002, 100002, 900002, 'POINTS', 1), -- 李四使用产品增长版
(700003, 100003, 900007, 'FREE', 1);   -- 王五使用通用简约版

-- ============================================
-- 7. 插入积分账户
-- ============================================
INSERT INTO `bingo_points` (`id`, `userid`, `balance`, `total_earned`, `total_spent`) VALUES
(800001, 100001, 150, 200, 50),
(800002, 100002, 280, 300, 20),
(800003, 100003, 95, 100, 5);

-- ============================================
-- 8. 插入积分流水
-- ============================================
INSERT INTO `bingo_points_log` (`id`, `userid`, `biz_type`, `biz_id`, `amount`, `balance`, `remark`) VALUES
(900001, 100001, 'SIGN_IN', NULL, 5, 5, '每日签到奖励'),
(900002, 100001, 'TASK_COMPLETE', 910001, 20, 25, '完成任务：完善个人简历'),
(900003, 100001, 'TASK_COMPLETE', 910002, 15, 40, '完成任务：添加教育经历'),
(900004, 100001, 'TEMPLATE_REDEEM', 900002, -50, 150, '兑换模板：产品增长版'),

(900005, 100002, 'SIGN_IN', NULL, 5, 5, '每日签到奖励'),
(900006, 100002, 'TASK_COMPLETE', 910001, 20, 25, '完成任务：完善个人简历'),
(900007, 100002, 'DAILY_LOGIN', NULL, 5, 280, '连续签到奖励'),

(900008, 100003, 'SIGN_IN', NULL, 5, 5, '每日签到奖励'),
(900009, 100003, 'TASK_COMPLETE', 910003, 15, 20, '完成任务：添加工作经历'),
(900010, 100003, 'TEMPLATE_REDEEM', 900004, -5, 95, '兑换模板：讲师履历版');

-- ============================================
-- 9. 插入用户任务进度
-- ============================================
INSERT INTO `bingo_user_task` (`id`, `userid`, `task_id`, `progress`, `completed`, `rewarded`, `complete_time`) VALUES
(1000001, 100001, 910001, 1, 1, 1, '2026-05-20 10:30:00'),
(1000002, 100001, 910002, 1, 1, 1, '2026-05-21 14:20:00'),
(1000003, 100001, 910003, 1, 1, 1, '2026-05-22 09:15:00'),
(1000004, 100001, 910004, 1, 1, 1, '2026-05-23 16:45:00'),
(1000005, 100001, 910005, 1, 1, 1, '2026-05-29 08:00:00'),
(1000006, 100001, 910006, 100, 1, 0, '2026-05-25 12:00:00'),

(1000007, 100002, 910001, 1, 1, 1, '2026-05-20 11:00:00'),
(1000008, 100002, 910005, 1, 1, 1, '2026-05-29 08:30:00'),

(1000009, 100003, 910001, 1, 1, 1, '2026-05-21 09:00:00'),
(1000010, 100003, 910003, 1, 1, 1, '2026-05-22 15:30:00'),
(1000011, 100003, 910004, 1, 1, 1, '2026-05-23 10:20:00');

-- ============================================
-- 10. 插入签到记录
-- ============================================
INSERT INTO `bingo_sign_in` (`id`, `userid`, `sign_date`, `streak_days`, `reward_points`) VALUES
(1100001, 100001, '2026-05-25', 1, 5),
(1100002, 100001, '2026-05-26', 2, 5),
(1100003, 100001, '2026-05-27', 3, 5),
(1100004, 100001, '2026-05-28', 4, 5),
(1100005, 100001, '2026-05-29', 5, 5),

(1100006, 100002, '2026-05-28', 1, 5),
(1100007, 100002, '2026-05-29', 2, 5),

(1100008, 100003, '2026-05-27', 1, 5),
(1100009, 100003, '2026-05-28', 2, 5),
(1100010, 100003, '2026-05-29', 3, 5);

-- ============================================
-- 11. 插入分享链接（可选测试数据）
-- ============================================
INSERT INTO `bingo_share` (`id`, `userid`, `share_type`, `title`, `short_code`, `status`) VALUES
(1200001, 100001, 'PUBLIC', '张三的Java工程师简历', 'abc123', 1),
(1200002, 100002, 'PRIVATE', '李四的产品经理简历', 'def456', 1),
(1200003, 100003, 'PUBLIC', '王五的全栈开发简历', 'ghi789', 1);

-- ============================================
-- 完成提示
-- ============================================
SELECT '✅ 测试数据插入完成！' AS message;
SELECT '测试账号信息：' AS info;
SELECT '用户名: zhangsan / lisi / wangwu / admin' AS username;
SELECT '密码: 123456 (所有账号)' AS password;
SELECT '请使用这些账号登录系统进行测试' AS tip;
